{"cameraMode":{"drawMode":0,"name":"Shaded","section":"Shading Mode"},"sceneLighting":false,"audioPlay":false,"sceneViewState":{"showFog":true,"showMaterialUpdate":true,"showSkybox":false,"showFlares":true,"showImageEffects":true,"showParticleSystems":true},"in2DMode":false,"pivot":{"x":4.2223639488220219,"y":8.28906536102295,"z":3.9915871620178224},"rotation":{"x":-0.12206875532865524,"y":-0.09810508042573929,"z":0.012562057934701443,"w":-0.9877687096595764},"size":4.182653903961182,"orthographic":false}