{"cameraMode":{"drawMode":0,"name":"Shaded","section":"Shading Mode"},"sceneLighting":false,"audioPlay":false,"sceneViewState":{"showFog":true,"showMaterialUpdate":true,"showSkybox":false,"showFlares":true,"showImageEffects":true,"showParticleSystems":true},"in2DMode":false,"pivot":{"x":-0.5526950359344482,"y":5.60709810256958,"z":0.9830222129821777},"rotation":{"x":0.08254342526197434,"y":-0.8538894653320313,"z":0.1420430988073349,"w":0.49425336718559267},"size":2.52773380279541,"orthographic":false}