{"cameraMode":{"drawMode":0,"name":"Shaded","section":"Shading Mode"},"sceneLighting":false,"audioPlay":false,"sceneViewState":{"showFog":true,"showMaterialUpdate":true,"showSkybox":false,"showFlares":true,"showImageEffects":true,"showParticleSystems":true},"in2DMode":false,"pivot":{"x":0.27117377519607546,"y":1.8623712062835694,"z":0.08569908142089844},"rotation":{"x":-0.007225870620459318,"y":-0.9924474358558655,"z":0.10157197713851929,"w":-0.06948185712099076},"size":6.108872890472412,"orthographic":false}