{"cameraMode":{"drawMode":0,"name":"Shaded","section":"Shading Mode"},"sceneLighting":true,"audioPlay":false,"sceneViewState":{"showFog":true,"showMaterialUpdate":true,"showSkybox":false,"showFlares":true,"showImageEffects":true,"showParticleSystems":true},"in2DMode":false,"pivot":{"x":-0.49000024795532229,"y":13.330001831054688,"z":-3.830000877380371},"rotation":{"x":-0.18488846719264985,"y":-0.02180754393339157,"z":0.0041359602473676209,"w":-0.982536792755127},"size":6.663502216339111,"orthographic":false}