{"cameraMode":{"drawMode":0,"name":"Shaded","section":"Shading Mode"},"sceneLighting":true,"audioPlay":false,"sceneViewState":{"showFog":true,"showMaterialUpdate":true,"showSkybox":false,"showFlares":true,"showImageEffects":true,"showParticleSystems":true},"in2DMode":false,"pivot":{"x":-0.8580012321472168,"y":1.0106983184814454,"z":0.31838417053222659},"rotation":{"x":-0.2652939260005951,"y":0.0002957566757686436,"z":-0.00006244884571060538,"w":-0.9642024636268616},"size":15.596324920654297,"orthographic":false}