{"cameraMode":{"drawMode":0,"name":"Shaded","section":"Shading Mode"},"sceneLighting":true,"audioPlay":false,"sceneViewState":{"showFog":true,"showMaterialUpdate":true,"showSkybox":false,"showFlares":true,"showImageEffects":true,"showParticleSystems":true},"in2DMode":false,"pivot":{"x":0.7445946931838989,"y":3.065674304962158,"z":-5.422781944274902},"rotation":{"x":-0.22726798057556153,"y":-0.04350697994232178,"z":0.01019197516143322,"w":-0.9728326201438904},"size":7.320033550262451,"orthographic":false}