{"cameraMode":{"drawMode":0,"name":"Shaded","section":"Shading Mode"},"sceneLighting":true,"audioPlay":false,"sceneViewState":{"showFog":true,"showMaterialUpdate":true,"showSkybox":false,"showFlares":true,"showImageEffects":true,"showParticleSystems":true},"in2DMode":false,"pivot":{"x":1.5291399955749512,"y":5.083682537078857,"z":2.009219169616699},"rotation":{"x":-0.16277137398719788,"y":-0.008586253970861435,"z":0.0014011240564286709,"w":-0.9866582155227661},"size":11.073047637939454,"orthographic":false}