{"cameraMode":{"drawMode":0,"name":"Shaded","section":"Shading Mode"},"sceneLighting":true,"audioPlay":false,"sceneViewState":{"showFog":true,"showMaterialUpdate":true,"showSkybox":false,"showFlares":true,"showImageEffects":true,"showParticleSystems":true},"in2DMode":false,"pivot":{"x":2.517484188079834,"y":5.71151065826416,"z":-0.3482809066772461},"rotation":{"x":0.15273144841194154,"y":-0.18122747540473939,"z":0.02850286476314068,"w":0.9710925817489624},"size":5.304502487182617,"orthographic":false}