{"cameraMode":{"drawMode":0,"name":"Shaded","section":"Shading Mode"},"sceneLighting":true,"audioPlay":false,"sceneViewState":{"showFog":true,"showMaterialUpdate":true,"showSkybox":false,"showFlares":true,"showImageEffects":true,"showParticleSystems":true},"in2DMode":false,"pivot":{"x":3.390000104904175,"y":9.77912712097168,"z":-34.09609603881836},"rotation":{"x":-0.22714808583259583,"y":-0.05371618643403053,"z":0.012595010921359063,"w":-0.9723247289657593},"size":0.8660253882408142,"orthographic":false}