{"cameraMode":{"drawMode":0,"name":"Shaded","section":"Shading Mode"},"sceneLighting":false,"audioPlay":false,"sceneViewState":{"showFog":true,"showMaterialUpdate":true,"showSkybox":false,"showFlares":true,"showImageEffects":true,"showParticleSystems":true},"in2DMode":false,"pivot":{"x":13.444820404052735,"y":0.5711942315101624,"z":0.062272265553474429},"rotation":{"x":0.3988966941833496,"y":0.09218582510948181,"z":-0.040322013199329379,"w":0.9115390181541443},"size":8.210335731506348,"orthographic":false}