{"cameraMode":{"drawMode":0,"name":"Shaded","section":"Shading Mode"},"sceneLighting":true,"audioPlay":false,"sceneViewState":{"showFog":true,"showMaterialUpdate":true,"showSkybox":false,"showFlares":true,"showImageEffects":true,"showParticleSystems":true},"in2DMode":false,"pivot":{"x":0.9331837892532349,"y":8.62584114074707,"z":-1.952676773071289},"rotation":{"x":-0.09881243109703064,"y":-0.023577136918902398,"z":0.0023845185060054065,"w":-0.9948520064353943},"size":5.88479471206665,"orthographic":false}