{"cameraMode":{"drawMode":0,"name":"Shaded","section":"Shading Mode"},"sceneLighting":false,"audioPlay":false,"sceneViewState":{"showFog":true,"showMaterialUpdate":true,"showSkybox":false,"showFlares":true,"showImageEffects":true,"showParticleSystems":true},"in2DMode":false,"pivot":{"x":1.2074856758117676,"y":7.308753490447998,"z":-1.8327054977416993},"rotation":{"x":0.2463998943567276,"y":-0.02679147571325302,"z":0.006406970787793398,"w":0.9689779877662659},"size":3.6110610961914064,"orthographic":false}