{"cameraMode":{"drawMode":0,"name":"Shaded","section":"Shading Mode"},"sceneLighting":false,"audioPlay":false,"sceneViewState":{"showFog":true,"showMaterialUpdate":true,"showSkybox":false,"showFlares":true,"showImageEffects":true,"showParticleSystems":true},"in2DMode":false,"pivot":{"x":0.6898298263549805,"y":32.41964340209961,"z":-31.32476806640625},"rotation":{"x":0.3092677593231201,"y":-0.06277921795845032,"z":0.01956256479024887,"w":0.948935866355896},"size":47.56563186645508,"orthographic":false}