{"cameraMode":{"drawMode":0,"name":"Shaded","section":"Shading Mode"},"sceneLighting":false,"audioPlay":false,"sceneViewState":{"showFog":true,"showMaterialUpdate":true,"showSkybox":false,"showFlares":true,"showImageEffects":true,"showParticleSystems":true},"in2DMode":false,"pivot":{"x":-7.52576208114624,"y":51.18643569946289,"z":-41.13602828979492},"rotation":{"x":0.26463958621025088,"y":-0.1849457174539566,"z":0.05171334743499756,"w":0.9451305270195007},"size":0.07949662208557129,"orthographic":false}