{"cameraMode":{"drawMode":0,"name":"Shaded","section":"Shading Mode"},"sceneLighting":true,"audioPlay":false,"sceneViewState":{"showFog":true,"showMaterialUpdate":true,"showSkybox":false,"showFlares":true,"showImageEffects":true,"showParticleSystems":true},"in2DMode":false,"pivot":{"x":-3.7175750732421877,"y":0.5480388402938843,"z":5.724653244018555},"rotation":{"x":0.22299577295780183,"y":-0.030701013281941415,"z":0.007026605773717165,"w":0.9743109941482544},"size":13.629256248474121,"orthographic":false}