{"cameraMode":{"drawMode":0,"name":"Shaded","section":"Shading Mode"},"sceneLighting":true,"audioPlay":false,"sceneViewState":{"showFog":true,"showMaterialUpdate":true,"showSkybox":false,"showFlares":true,"showImageEffects":true,"showParticleSystems":true},"in2DMode":false,"pivot":{"x":2.4888131618499758,"y":4.32548189163208,"z":2.669013023376465},"rotation":{"x":-0.18193191289901734,"y":0.023897411301732065,"z":-0.004406474996358156,"w":-0.9830388426780701},"size":11.304815292358399,"orthographic":false}