{"cameraMode":{"drawMode":0,"name":"Shaded","section":"Shading Mode"},"sceneLighting":true,"audioPlay":false,"sceneViewState":{"showFog":true,"showMaterialUpdate":true,"showSkybox":false,"showFlares":true,"showImageEffects":true,"showParticleSystems":true},"in2DMode":false,"pivot":{"x":1.1921683549880982,"y":6.634904861450195,"z":-1.2869665622711182},"rotation":{"x":-0.2685791850090027,"y":-0.08481727540493012,"z":0.023775169625878335,"w":-0.9592523574829102},"size":9.744495391845704,"orthographic":false}