{"cameraMode":{"drawMode":0,"name":"Shaded","section":"Shading Mode"},"sceneLighting":false,"audioPlay":false,"sceneViewState":{"showFog":true,"showMaterialUpdate":true,"showSkybox":false,"showFlares":true,"showImageEffects":true,"showParticleSystems":true},"in2DMode":false,"pivot":{"x":-0.12254970520734787,"y":-1.7586129903793336,"z":-1.531233310699463},"rotation":{"x":0.09758355468511582,"y":-0.8049205541610718,"z":0.13798871636390687,"w":0.5689212679862976},"size":6.129830837249756,"orthographic":false}