{"cameraMode":{"drawMode":0,"name":"Shaded","section":"Shading Mode"},"sceneLighting":false,"audioPlay":false,"sceneViewState":{"showFog":true,"showMaterialUpdate":true,"showSkybox":false,"showFlares":true,"showImageEffects":true,"showParticleSystems":true},"in2DMode":false,"pivot":{"x":-0.8397159576416016,"y":0.6035528182983398,"z":-15.033535957336426},"rotation":{"x":0.1626587212085724,"y":-0.6416458487510681,"z":0.14180055260658265,"w":0.7360227108001709},"size":7.213083267211914,"orthographic":false}