{"cameraMode":{"drawMode":0,"name":"Shaded","section":"Shading Mode"},"sceneLighting":true,"audioPlay":false,"sceneViewState":{"showFog":true,"showMaterialUpdate":true,"showSkybox":false,"showFlares":true,"showImageEffects":true,"showParticleSystems":true},"in2DMode":false,"pivot":{"x":-3.6700000762939455,"y":9.699999809265137,"z":-35.189998626708987},"rotation":{"x":-0.3801247477531433,"y":-0.41132327914237978,"z":0.1941928118467331,"w":-0.8053953647613525},"size":1.6776803731918336,"orthographic":false}