{"cameraMode":{"drawMode":0,"name":"Shaded","section":"Shading Mode"},"sceneLighting":false,"audioPlay":false,"sceneViewState":{"showFog":true,"showMaterialUpdate":true,"showSkybox":false,"showFlares":true,"showImageEffects":true,"showParticleSystems":true},"in2DMode":false,"pivot":{"x":30.6115779876709,"y":0.03902330994606018,"z":0.0},"rotation":{"x":0.34805577993392947,"y":-0.004218685440719128,"z":0.0015661879442632199,"w":0.9374635219573975},"size":11.112868309020996,"orthographic":false}