{"cameraMode":{"drawMode":0,"name":"Shaded","section":"Shading Mode"},"sceneLighting":false,"audioPlay":false,"sceneViewState":{"showFog":true,"showMaterialUpdate":true,"showSkybox":false,"showFlares":true,"showImageEffects":true,"showParticleSystems":true},"in2DMode":false,"pivot":{"x":0.1812458038330078,"y":7.299145221710205,"z":2.7665348052978517},"rotation":{"x":-0.14666399359703065,"y":-0.6949143409729004,"z":0.14815208315849305,"w":-0.6882820129394531},"size":3.8260655403137209,"orthographic":false}