{"cameraMode":{"drawMode":0,"name":"Shaded","section":"Shading Mode"},"sceneLighting":false,"audioPlay":false,"sceneViewState":{"showFog":true,"showMaterialUpdate":true,"showSkybox":false,"showFlares":true,"showImageEffects":true,"showParticleSystems":true},"in2DMode":false,"pivot":{"x":2.8737661838531496,"y":4.62364387512207,"z":-15.441333770751954},"rotation":{"x":0.267218679189682,"y":-0.6774482131004334,"z":0.2918781042098999,"w":0.6202236413955689},"size":17.08098793029785,"orthographic":false}