{"cameraMode":{"drawMode":0,"name":"Shaded","section":"Shading Mode"},"sceneLighting":true,"audioPlay":false,"sceneViewState":{"showFog":true,"showMaterialUpdate":true,"showSkybox":false,"showFlares":true,"showImageEffects":true,"showParticleSystems":true},"in2DMode":false,"pivot":{"x":3.25,"y":9.779999732971192,"z":-36.97999954223633},"rotation":{"x":-0.31127887964248659,"y":-0.2884782552719116,"z":0.09980595111846924,"w":-0.8999865055084229},"size":0.8660253882408142,"orthographic":false}