{"cameraMode":{"drawMode":0,"name":"Shaded","section":"Shading Mode"},"sceneLighting":false,"audioPlay":false,"sceneViewState":{"showFog":true,"showMaterialUpdate":true,"showSkybox":false,"showFlares":true,"showImageEffects":true,"showParticleSystems":true},"in2DMode":false,"pivot":{"x":1.1920928955078126e-7,"y":33.900001525878909,"z":-2.384185791015625e-7},"rotation":{"x":-0.42956429719924929,"y":-0.014695415273308754,"z":0.00760616036131978,"w":-0.9030827283859253},"size":42.70734405517578,"orthographic":false}