{"cameraMode":{"drawMode":0,"name":"Shaded","section":"Shading Mode"},"sceneLighting":false,"audioPlay":false,"sceneViewState":{"showFog":true,"showMaterialUpdate":true,"showSkybox":false,"showFlares":true,"showImageEffects":true,"showParticleSystems":true},"in2DMode":false,"pivot":{"x":0.6847012639045715,"y":2.831544876098633,"z":-0.21895763278007508},"rotation":{"x":0.009131290949881077,"y":0.9904696941375732,"z":-0.11039573699235916,"w":0.08189908415079117},"size":5.774125576019287,"orthographic":false}