{"cameraMode":{"drawMode":0,"name":"Shaded","section":"Shading Mode"},"sceneLighting":false,"audioPlay":false,"sceneViewState":{"showFog":true,"showMaterialUpdate":true,"showSkybox":true,"showFlares":true,"showImageEffects":true,"showParticleSystems":true},"in2DMode":false,"pivot":{"x":-0.3047323226928711,"y":8.32355785369873,"z":-32.86852264404297},"rotation":{"x":0.37732499837875368,"y":-0.18230153620243073,"z":0.07367435097694397,"w":0.9052568078041077},"size":6.590091228485107,"orthographic":false}